{"version":1,"clouddialversion":3,"preview":"preview_24bit.png","name":"w189","author":"长林仟运","description":"GTX03","deviceId":"GTX03","bluetooth":false,"disturb":false,"battery":false,"compress":"LZ4","item":[{"widget":"ring","x":34,"y":34,"w":398,"h":398,"bgrender":"0xFF000000","ring_width":8,"ring_round":1,"fgcolor":"0xFFFFFFFF","bgcolor":"0xFF0F680B","startangle":0,"endangle":360,"direction":0,"type":"battery"},{"widget":"watch","type":"time","x":0,"y":0,"w":466,"h":466,"fgcolor":"0xFFFFFFFF","stepless_rotation":1,"second":"2_24bit.png","seccenterx":50,"seccentery":232,"secanchorx":233,"secanchory":233,"minute":"3_24bit.png","mincenterx":66,"mincentery":235,"minanchorx":233,"minanchory":233,"hour":"1_24bit.png","hourcenterx":24,"hourcentery":232,"houranchorx":233,"houranchory":233},{"widget":"custom","type":"time","isShowAddwh":true,"x":141,"y":315,"w":186,"h":52,"fgcolor":"0xFFFFFFFF","fgrender":"0x0","align":"left","font":"g17","fontnum":11},{"widget":"custom","type":"day","x":248,"y":372,"w":38,"h":26,"fgcolor":"0xFFFFFFFF","fgrender":"0x0","align":"left","font":"g27","fontnum":10},{"widget":"custom","type":"week","x":180,"y":372,"w":66,"h":26,"fgcolor":"0xFFFFFFFF","fgrender":"0x0","align":"left","style":0,"font":"week","fontnum":7},{"widget":"custom","type":"battery","isShowAddwh":true,"x":205,"y":52,"w":56,"h":26,"fgcolor":"0xFFFFFFFF","fgrender":"0x0","align":"center","font":"g112","fontnum":10}],"bkground":"files4_24bit.png"}