{
    "version": 1,
    "clouddialversion": 3,
    "preview": "preview_24bit.png",
    "name": "w62",
    "author": "张丹",
    "description": "GTX03",
    "deviceId": "GTX03",
    "bluetooth": false,
    "disturb": false,
    "battery": false,
    "compress": "LZ4",
    "item": [
        {
            "widget": "custom",
            "type": "day",
            "x": 331,
            "y": 214,
            "w": 62,
            "h": 36,
            "fgcolor": "0xFFFFFFFF",
            "fgrender": "0x0",
            "align": "left",
            "font": "g12",
            "fontnum": 10
        },
        {
            "widget": "custom",
            "type": "step",
            "x": 190,
            "y": 344,
            "w": 82,
            "h": 24,
            "fgcolor": "0xFFFFFFFF",
            "fgrender": "0x0",
            "align": "center",
            "font": "g32",
            "fontnum": 10
        },
        {
            "widget": "custom",
            "type": "calorie",
            "x": 199,
            "y": 102,
            "w": 66,
            "h": 22,
            "fgcolor": "0xFFFFFFFF",
            "fgrender": "0x0",
            "align": "center",
            "font": "g32",
            "fontnum": 10
        },
        {
            "widget": "custom",
            "type": "battery",
            "x": 83,
            "y": 222,
            "w": 71,
            "h": 24,
            "fgcolor": "0xFFFFFFFF",
            "fgrender": "0x0",
            "align": "center",
            "style": 0,
            "font": "g32",
            "fontnum": 11
        },
        {
            "widget": "ring",
            "x": 179,
            "y": 61,
            "w": 108,
            "h": 108,
            "bgcolor": "0x0",
            "bgrender": "0xFF000000",
            "ring_width": 12,
            "ring_round": 1,
            "fgcolor": "0xFFD0B78B",
            "startangle": 210,
            "endangle": 510,
            "direction": 0,
            "type": "calorie"
        },
        {
            "widget": "custom",
            "type": "icon",
            "x": 179,
            "y": 61,
            "w": 108,
            "h": 108,
            "bgcolor": "0x0",
            "bgrender": "0xFF000000",
            "fgcolor": ""
        },
        {
            "widget": "ring",
            "x": 65,
            "y": 179,
            "w": 108,
            "h": 108,
            "bgcolor": "0x0",
            "bgrender": "0xFF000000",
            "ring_width": 12,
            "ring_round": 1,
            "fgcolor": "0xFFD0B78B",
            "startangle": 210,
            "endangle": 510,
            "direction": 0,
            "type": "battery"
        },
        {
            "widget": "custom",
            "type": "icon",
            "x": 65,
            "y": 179,
            "w": 108,
            "h": 108,
            "bgcolor": "0x0",
            "bgrender": "0xFF000000",
            "fgcolor": ""
        },
        {
            "widget": "ring",
            "x": 179,
            "y": 298,
            "w": 108,
            "h": 108,
            "bgcolor": "0x0",
            "bgrender": "0xFF000000",
            "ring_width": 12,
            "ring_round": 1,
            "fgcolor": "0xFFD0B78B",
            "startangle": 212,
            "endangle": 508,
            "direction": 0,
            "type": "step"
        },
        {
            "widget": "custom",
            "type": "icon",
            "x": 179,
            "y": 298,
            "w": 108,
            "h": 108,
            "bgcolor": "0x0",
            "bgrender": "0xFF000000",
            "fgcolor": ""
        },
        {
            "widget": "watch",
            "type": "time",
            "x": 0,
            "y": 0,
            "w": 466,
            "h": 466,
            "fgcolor": "0xFFFFFFFF",
            "second": "files35_24bit.png",
            "seccenterx": 21,
            "seccentery": 233,
            "secanchorx": 233,
            "secanchory": 233,
            "minute": "files34_24bit.png",
            "mincenterx": 21,
            "mincentery": 234,
            "minanchorx": 233,
            "minanchory": 233,
            "hour": "files33_24bit.png",
            "hourcenterx": 21,
            "hourcentery": 234,
            "houranchorx": 233,
            "houranchory": 233
        }
    ],
    "bkground": "files36_24bit.png"
}