{
    "item": [
        {
            "name": "g54",
            "bpp": 16,
            "format": "png"
        },
        {
            "name": "g72",
            "bpp": 16,
            "format": "png"
        },
        {
            "name": "week",
            "bpp": 16,
            "format": "png"
        },
        {
            "name": "g109",
            "bpp": 16,
            "format": "png"
        },
        {
            "name": "status",
            "bpp": 16,
            "format": "png"
        }
    ]
}