{
    "version": 1,
    "clouddialversion": 3,
    "preview": "preview_24bit.png",
    "name": "GTX02_1",
    "author": "wsk010978",
    "description": "GTX02",
    "deviceId": "GTX02",
    "bluetooth": false,
    "disturb": false,
    "battery": false,
    "compress": "LZ4",
    "item": [
        {
            "widget": "ring",
            "x": 281,
            "y": 27,
            "w": 70,
            "h": 70,
            "bgrender": "0xFF000000",
            "ring_width": 6,
            "ring_round": 1,
            "fgcolor": "0xFFFFFFFF",
            "bgcolor": "0xFF303030",
            "startangle": 0,
            "endangle": 360,
            "direction": 0,
            "type": "battery"
        },
        {
            "widget": "custom",
            "type": "battery",
            "isShowAddwh": true,
            "x": 290,
            "y": 49,
            "w": 50,
            "h": 24,
            "fgcolor": "0xFFFFFFFF",
            "fgrender": "0xFF000000",
            "align": "center",
            "font": "g54",
            "fontnum": 10
        },
        {
            "widget": "custom",
            "type": "hour",
            "isShowAddwh": true,
            "x": 118,
            "y": 131,
            "w": 134,
            "h": 80,
            "fgcolor": "0xFFFFFFFF",
            "fgrender": "0xFF000000",
            "align": "left",
            "font": "g72",
            "fontnum": 10
        },
        {
            "widget": "custom",
            "type": "min",
            "isShowAddwh": true,
            "x": 118,
            "y": 213,
            "w": 134,
            "h": 82,
            "fgcolor": "0xFFFFFFFF",
            "fgrender": "0xFF000000",
            "align": "left",
            "font": "g72",
            "fontnum": 10
        },
        {
            "widget": "custom",
            "type": "week",
            "x": 127,
            "y": 315,
            "w": 72,
            "h": 32,
            "fgcolor": "0xFFFFFFFF",
            "fgrender": "0xFF000000",
            "align": "left",
            "style": 0,
            "font": "week",
            "fontnum": 7
        },
        {
            "widget": "custom",
            "type": "day",
            "x": 197,
            "y": 315,
            "w": 46,
            "h": 32,
            "fgcolor": "0xFFFFFFFF",
            "fgrender": "0xFF000000",
            "align": "left",
            "font": "g109",
            "fontnum": 10
        },
        {
            "widget": "custom",
            "type": "step",
            "isShowAddwh": true,
            "x": 53,
            "y": 398,
            "w": 82,
            "h": 24,
            "fgcolor": "0xFFFFFFFF",
            "fgrender": "0xFF000000",
            "align": "left",
            "font": "g54",
            "fontnum": 10
        },
        {
            "widget": "custom",
            "type": "calorie",
            "isShowAddwh": true,
            "x": 257,
            "y": 398,
            "w": 66,
            "h": 24,
            "fgcolor": "0xFFFFFFFF",
            "fgrender": "0xFF000000",
            "align": "right",
            "font": "g54",
            "fontnum": 10
        },
        {
            "widget": "custom",
            "type": "redpoint",
            "x": 169,
            "y": 4,
            "w": 30,
            "h": 30,
            "font": "status",
            "fontnum": 6
        }
    ],
    "bkground": "files0_24bit.png"
}