{"version":1,"clouddialversion":3,"preview":"preview_24bit.png","name":"7892w8","author":"张丹","description":"GTX03","deviceId":"GTX03","bluetooth":false,"disturb":false,"battery":false,"compress":"LZ4","item":[{"widget":"custom","type":"time","isShowAddwh":true,"x":121,"y":79,"w":226,"h":72,"fgcolor":"0xFFFFFFFF","fgrender":"0x0","align":"left","font":"g13","fontnum":11},{"widget":"custom","type":"week","x":175,"y":154,"w":50,"h":20,"fgcolor":"0xFFFFFFFF","fgrender":"0x0","align":"left","style":0,"font":"week","fontnum":7},{"widget":"custom","type":"day","x":227,"y":154,"w":26,"h":20,"fgcolor":"0xFFFFFFFF","fgrender":"0x0","align":"left","font":"g30","fontnum":10},{"widget":"custom","type":"month","x":256,"y":154,"w":50,"h":20,"fgcolor":"0xFFFFFFFF","fgrender":"0x0","align":"left","style":0,"dmonth":0,"font":"month","fontnum":12},{"widget":"custom","type":"heartrate","isShowAddwh":true,"x":62,"y":171,"w":50,"h":24,"fgcolor":"0xFFFFFFFF","fgrender":"0x0","align":"center","font":"g53","fontnum":11},{"widget":"custom","type":"calorie","isShowAddwh":true,"x":61,"y":281,"w":66,"h":24,"fgcolor":"0xFFFFFFFF","fgrender":"0x0","align":"center","font":"g53","fontnum":10},{"widget":"custom","type":"step","isShowAddwh":true,"x":124,"y":372,"w":82,"h":24,"fgcolor":"0xFFFFFFFF","fgrender":"0x0","align":"center","font":"g53","fontnum":10}],"bkground":"files0_24bit.png"}