{"version":1,"clouddialversion":3,"preview":"preview_24bit.png","name":"w22","author":"张丹","description":"GTX03","deviceId":"GTX03","bluetooth":false,"disturb":false,"battery":false,"compress":"LZ4","item":[{"widget":"custom","type":"time","x":71,"y":56,"w":324,"h":104,"fgcolor":"0xFFFFFFFF","fgrender":"0x0","align":"left","font":"g13","fontnum":11},{"widget":"custom","type":"week","x":87,"y":178,"w":242,"h":36,"fgcolor":"0xFFFFFFFF","fgrender":"0x0","align":"right","style":0,"font":"week","fontnum":7},{"widget":"custom","type":"day","x":336,"y":178,"w":42,"h":36,"fgcolor":"0xFFFFFFFF","fgrender":"0x0","align":"left","font":"g30","fontnum":10}],"bkground":"files0_24bit.png"}