{"version":1,"clouddialversion":3,"preview":"preview_24bit.png","name":"w130","author":"张丹","description":"GTX03","deviceId":"GTX03","bluetooth":false,"disturb":false,"battery":false,"compress":"LZ4","item":[{"widget":"custom","type":"hour","isShowAddwh":true,"x":159,"y":97,"w":150,"h":106,"fgcolor":"0xFFFFFFFF","fgrender":"0x0","align":"left","font":"g12","fontnum":10},{"widget":"custom","type":"min","isShowAddwh":true,"x":159,"y":203,"w":150,"h":104,"fgcolor":"0xFFFFFFFF","fgrender":"0x0","align":"left","font":"g12","fontnum":10},{"widget":"custom","type":"week","x":163,"y":318,"w":86,"h":32,"fgcolor":"0xFFFFFFFF","fgrender":"0x0","align":"left","style":0,"font":"week","fontnum":7},{"widget":"custom","type":"day","x":249,"y":318,"w":50,"h":32,"fgcolor":"0xFFFFFFFF","fgrender":"0x0","align":"left","font":"g29","fontnum":10}],"bkground":"files30_24bit.png"}