{
  "version": 1,
  "clouddialversion": 3,
  "preview": "preview_24bit.png",
  "name": "custom1",
  "author": "lzh",
  "description": "custom1",
  "compress": "LZ4",
  "item": [
	{
      "widget": "custom",
	  "type" : "icon",
      "x": 0,
      "y": 0,
	  "w": 466,
	  "h": 466,
	  "bg"  :"bg_24bit.png",
      "bgcolor": "0xFFFFFFFF"
    },
	{
      "widget": "custom",
	  "type" : "week",
      "x": 173,
      "y": 42,
	  "w": 70,
	  "h": 30,
	  "fgcolor"  :"0xFFFFFFFF",
	  "fgrender"  :"0xFFFFFFFF",
	  "font": "week",
	  "fontnum": 7
    },
	{
      "widget": "custom",
	  "type" : "day",
      "x": 257,
      "y": 43,
	  "w": 36,
	  "h": 26,
	  "fgcolor"  :"0xFFFFFFFF",
	  "fgrender"  :"0xFFFFFFFF",
	  "font": "num_date",
	  "fontnum": 10
    },
	{
      "widget": "custom",
	  "type" : "time",
      "x": 120,
      "y": 80,
	  "w": 226,
	  "h": 74,
	  "fgcolor"  :"0xFFFFFFFF",
	  "fgrender"  :"0xFFFFFFFF",
      "font": "num",
	  "fontnum": 11
    },
	{
      "widget": "custom",
      "type": "redpoint",
      "x": 193,
      "y": 0,
      "w": 40,
      "h": 40,
      "font": "status",
      "fontnum": 7
    }
  ]
}