{"version":1,"clouddialversion":3,"preview":"preview_24bit.png","name":"w58","author":"张丹","description":"GTX03","deviceId":"GTX03","bluetooth":false,"disturb":false,"battery":false,"compress":"LZ4","item":[{"widget":"custom","type":"time","x":81,"y":110,"w":305,"h":80,"fgcolor":"0xFFFFFFFF","fgrender":"0x0","align":"left","font":"g13","fontnum":11},{"widget":"custom","type":"day","x":258,"y":199,"w":66,"h":34,"fgcolor":"0xFFFFFFFF","fgrender":"0x0","align":"left","font":"g23","fontnum":10},{"widget":"custom","type":"week","x":140,"y":199,"w":114,"h":34,"fgcolor":"0xFFFFFFFF","fgrender":"0x0","align":"left","style":0,"font":"week","fontnum":7}],"bkground":"files0_24bit.png"}